"date","open","high","low","close","volume"
"2025-12-18T00:00:00Z","677.62","680.74","674.9","676.47","83376811"
"2025-12-19T00:00:00Z","676.6","681.09","676.47","680.59","68133582"
"2025-12-22T00:00:00Z","683.92","685.36","682.68","684.83","47938715"
"2025-12-23T00:00:00Z","683.92","688.2","683.87","687.96","46034036"
"2025-12-24T00:00:00Z","687.97","690.83","687.8","690.38","25996223"
"2025-12-26T00:00:00Z","690.64","691.66","689.27","690.31","32575282"
"2025-12-29T00:00:00Z","687.59","689.2","686.07","687.85","44132455"
"2025-12-30T00:00:00Z","687.45","688.56","686.58","687.01","34365308"
"2025-12-31T00:00:00Z","687.12","687.36","681.71","681.92","51325838"
"2026-01-02T00:00:00Z","685.7","686.87","679.82","683.17","69826347"
"2026-01-05T00:00:00Z","686.54","689.43","686.37","687.72","54698851"
"2026-01-06T00:00:00Z","687.9","692.32","687.78","691.81","55143260"
"2026-01-07T00:00:00Z","692.21","693.96","689.32","689.58","60132171"
"2026-01-08T00:00:00Z","688.79","690.62","687.49","689.51","52088407"
"2026-01-09T00:00:00Z","690.65","695.31","689.18","694.07","58426222"
"2026-01-12T00:00:00Z","690.68","696.09","690.63","695.16","49779065"
"2026-01-13T00:00:00Z","695.52","696.09","691.35","693.77","61851797"
"2026-01-14T00:00:00Z","691.03","691.72","686.04","690.36","70572925"
"2026-01-15T00:00:00Z","694.61","695.45","691.25","692.24","60092284"
"2026-01-16T00:00:00Z","693.65","694.25","690.1","691.66","54012581"
"2026-01-20T00:00:00Z","681.48","684.77","676.57","677.58","81782223"
"2026-01-21T00:00:00Z","679.65","688.74","678.13","685.4","96205848"
"2026-01-22T00:00:00Z","689.89","691.13","686.92","688.98","55962281"
"2026-01-23T00:00:00Z","688.15","690.96","687.16","689.23","48307959"
"2026-01-26T00:00:00Z","690.47","694.13","689.92","692.73","44643484"
"2026-01-27T00:00:00Z","694.18","696.53","693.57","695.49","40191997"
"2026-01-28T00:00:00Z","697.06","697.84","693.94","695.42","46863029"
"2026-01-29T00:00:00Z","696.39","697.06","684.83","694.04","81116021"
"2026-01-30T00:00:00Z","691.84","694.21","687.12","691.97","65538179"
"2026-02-02T00:00:00Z","689.58","696.93","689.42","695.41","63436047"
"2026-02-03T00:00:00Z","696.24","696.96","684.03","689.53","83865960"
"2026-02-04T00:00:00Z","690.4","691.45","681.76","686.19","81885173"
"2026-02-05T00:00:00Z","680.97","683.69","675.79","677.62","83164747"
"2026-02-06T00:00:00Z","681.46","692.31","680.85","690.62","67758268"
"2026-02-09T00:00:00Z","689.42","695.87","688.34","693.95","54917196"
"2026-02-10T00:00:00Z","694.95","696.54","691.66","692.12","49549385"
"2026-02-11T00:00:00Z","696.44","697.14","689.18","691.96","61930687"
"2026-02-12T00:00:00Z","694.27","695.35","680.37","681.27","93707170"
"2026-02-13T00:00:00Z","681.67","686.28","677.52","681.75","70642110"
"2026-02-17T00:00:00Z","680.12","684.94","675.78","682.85","66356843"
"2026-02-18T00:00:00Z","684.03","689.15","682.83","686.29","57623533"
"2026-02-19T00:00:00Z","683.86","686.18","681.54","684.48","47509501"
"2026-02-20T00:00:00Z","682.31","690.06","681.73","689.43","68762112"
"2026-02-23T00:00:00Z","687.82","690.0","680.37","682.39","70943285"
"2026-02-24T00:00:00Z","681.89","688.35","680.0","687.35","55310204"
"2026-02-25T00:00:00Z","690.21","693.68","690.1","693.15","41135316"
"2026-02-26T00:00:00Z","693.32","693.32","684.35","689.3","58258668"
"2026-02-27T00:00:00Z","683.06","686.86","681.64","685.99","60830997"
"2026-03-02T00:00:00Z","678.66","688.62","678.02","686.38","66975098"
"2026-03-03T00:00:00Z","675.05","682.61","669.66","680.33","81440968"
"2026-03-04T00:00:00Z","681.63","687.09","679.62","685.13","56273441"
"2026-03-05T00:00:00Z","682.07","685.53","675.61","681.31","80111623"
"2026-03-06T00:00:00Z","673.39","676.11","669.76","672.38","74421543"
"2026-03-09T00:00:00Z","666.4","679.92","662.39","678.27","79411759"
"2026-03-10T00:00:00Z","677.69","683.36","674.76","677.18","63958138"
"2026-03-11T00:00:00Z","677.54","680.08","673.34","676.33","49488530"
"2026-03-12T00:00:00Z","671.13","671.65","665.9","666.06","79378156"
"2026-03-13T00:00:00Z","669.28","672.34","661.36","662.29","67244178"
"2026-03-16T00:00:00Z","668.38","672.07","667.12","669.03","58507960"
"2026-03-17T00:00:00Z","672.35","674.44","669.7","670.79","50618232"
"2026-03-18T00:00:00Z","668.3","669.72","661.19","661.43","59045264"
"2026-03-19T00:00:00Z","656.97","662.98","655.17","659.8","79504304"
"2026-03-20T00:00:00Z","656.51","656.69","644.72","648.57","92202809"
"2026-03-23T00:00:00Z","658.08","662.62","653.94","655.38","87855380"
"2026-03-24T00:00:00Z","651.33","657.03","649.88","653.18","66978131"
"2026-03-25T00:00:00Z","658.68","660.89","654.24","656.82","71087538"
"2026-03-26T00:00:00Z","652.05","654.85","644.82","645.09","68755879"
"2026-03-27T00:00:00Z","642.55","642.66","633.1","634.09","75608972"
"2026-03-29T23:00:00Z","640.05","640.37","629.28","631.97","73803922"
"2026-03-30T23:00:00Z","639.0","651.54","637.98","650.34","104683294"
"2026-03-31T23:00:00Z","653.85","658.52","653.0","655.24","72491090"
"2026-04-01T23:00:00Z","646.42","658.2","645.11","655.83","48157030"
"2026-04-05T23:00:00Z","655.86","659.72","655.52","658.93","28079028"
"2026-04-06T23:00:00Z","656.64","659.61","651.06","659.22","47915475"
"2026-04-07T23:00:00Z","676.39","677.08","671.46","676.01","67555981"
"2026-04-08T23:00:00Z","674.84","681.16","673.77","679.91","42287703"
"2026-04-09T23:00:00Z","681.27","682.03","678.45","679.46","30238476"
"2026-04-12T23:00:00Z","677.4","686.3","676.58","686.1","36496305"
"2026-04-13T23:00:00Z","687.69","694.58","687.66","694.46","43054226"
"2026-04-14T23:00:00Z","695.26","700.28","694.2","699.94","42557705"
"2026-04-15T23:00:00Z","701.06","702.78","698.53","701.66","34037424"
"2026-04-16T23:00:00Z","706.14","712.39","705.76","710.14","43085913"
"2026-04-19T23:00:00Z","708.79","709.91","706.14","708.72","27361348"
"2026-04-20T23:00:00Z","710.28","711.28","702.64","704.08","43467644"
"2026-04-21T23:00:00Z","709.19","711.45","708.22","711.21","28181451"
"2026-04-22T23:00:00Z","709.5","712.36","702.28","708.45","42958064"
"2026-04-23T23:00:00Z","710.75","714.47","709.01","713.94","29350408"
"2026-04-26T23:00:00Z","713.18","715.63","712.29","715.17","24071337"
"2026-04-27T23:00:00Z","711.82","712.88","709.25","711.69","26375555"
"2026-04-28T23:00:00Z","711.0","712.2","708.37","711.58","28880531"
"2026-04-29T23:00:00Z","714.73","719.79","710.44","718.66","38106419"
"2026-04-30T23:00:00Z","721.25","724.87","720.47","720.65","30371390"
"2026-05-03T23:00:00Z","720.07","722.12","714.99","718.01","37839280"
"2026-05-04T23:00:00Z","721.77","725.04","721.48","723.77","25041685"
"2026-05-05T23:00:00Z","728.16","734.59","727.82","733.83","31959307"
"2026-05-06T23:00:00Z","735.05","736.13","729.75","731.58","35831850"
"2026-05-07T23:00:00Z","734.94","738.02","734.57","737.62","30283957"
"2026-05-10T23:00:00Z","736.46","740.79","736.45","739.3","34556739"
"2026-05-11T23:00:00Z","736.91","738.84","731.83","738.18","36903839"
"2026-05-12T23:00:00Z","738.46","743.91","735.47","742.31","29763736"
"2026-05-13T23:00:00Z","743.62","749.53","743.56","748.17","28926251"
"2026-05-14T23:00:00Z","741.8","743.46","737.96","739.17","33195778"
"2026-05-17T23:00:00Z","739.82","741.42","733.39","738.65","33130849"
"2026-05-18T23:00:00Z","734.75","737.65","731.53","733.73","36132671"
"2026-05-19T23:00:00Z","735.7","741.87","733.89","741.25","32364561"
"2026-05-20T23:00:00Z","738.67","744.87","737.03","742.72","33746666"
"2026-05-21T23:00:00Z","746.21","748.94","744.48","745.64","23966466"
"2026-05-25T23:00:00Z","750.01","752.13","748.37","750.59","27780718"
"2026-05-26T23:00:00Z","750.9","751.38","748.22","750.46","26608447"
"2026-05-27T23:00:00Z","750.22","755.15","749.23","754.6","25713771"
"2026-05-28T23:00:00Z","755.9","758.08","754.69","756.48","33981149"
"2026-05-31T23:00:00Z","755.32","760.27","754.69","758.54","29735751"
"2026-06-01T23:00:00Z","757.0","760.4","756.75","759.57","22214259"
"2026-06-02T23:00:00Z","758.14","758.8","753.57","754.24","31737825"
"2026-06-03T23:00:00Z","752.11","758.31","751.47","757.09","30897616"
"2026-06-04T23:00:00Z","752.31","752.82","735.52","737.55","59069423"
"2026-06-07T23:00:00Z","743.31","745.34","738.19","739.22","33052894"
"2026-06-08T23:00:00Z","743.63","746.9","722.59","737.05","64205290"
"2026-06-09T23:00:00Z","733.4","738.38","725.33","725.43","39313992"
"2026-06-10T23:00:00Z","728.82","730.18","726.35","730.14","4402140"
